TipNumber,TipTitle,TipDescription
1,Use Cover Effectively,Always make use of cover to avoid getting hit. Moving from cover to cover can help you stay out of sight and plan your next moves.
2,Keep Moving,Standing still makes you an easy target. Constant movement makes it harder for enemies to track you.
3,Master the Map,Familiarize yourself with the map layout to anticipate enemy positions and find advantageous spots for attacking or defending.
4,Use Headshots,Aim for the head to deal more damage. It's often a quicker way to take down an enemy.
5,Know Your Weapon,Different weapons excel in different scenarios. Learn how to use your weapon's strengths and switch accordingly during a match.
6,Maintain Situational Awareness,"Keep an eye on your surroundings, audio cues, and enemy movements. Being aware of your environment gives you an edge."
7,Manage Ammo,Conserve ammo by aiming for precise shots. Running out of ammo at the wrong time can be disastrous.
8,Play with a Team,Team-based shooters benefit from communication and strategy. Work together to control key areas and achieve objectives.
9,Use Grenades Wisely,"Grenades can disrupt enemy positioning, but using them at the wrong moment wastes their potential. Time them for maximum impact."
10,Stay Calm Under Pressure,"When you're under attack, staying calm will help you make better decisions. Panicking usually leads to mistakes."
11,Adjust Your Sensitivity,Set your mouse or controller sensitivity to a level where you can make precise shots but still move quickly.
12,Take Advantage of High Ground,"In most shooters, height gives you better vision and more control. Use high ground to spot and eliminate enemies more easily."
